country_name,year,gdp,gdpgrowth,gdppercap2010usd,gdppercapcurrentusd,percenttradegpd
Afghanistan,2017,18869945677.9599,2.64700320230295,571.440690906349,519.884773089339,0
Afghanistan,2018,18353881129.881,1.18922812897529,564.609991742901,493.750418116312,0
Afghanistan,2019,19291104007.8299,3.91160341860697,573.287551042738,507.103431871987,0
Albania,2017,13019693450.8816,3.80219748796804,4864.31061630449,4531.02080555986,78.1942750821788
Albania,2018,15147020535.3869,4.07130129479023,5074.85722194352,5284.38018438156,76.8558877534769
Albania,2019,15279183289.9372,2.24007026773023,5210.68829038413,5353.2448564014,76.8914950284438
Algeria,2017,170163165960.516,1.29999999999994,4792.38724221245,4111.29411013269,55.321332683485
Algeria,2018,175405660377.358,1.2000000000002,4753.51098744717,4153.73397805915,57.8986226487974
Algeria,2019,171091289782.245,0.799999999999784,4699.76340456603,3973.96407191565,52.0263555949345
American Samoa,2017,602000000,-5.85443037974683,9048.18252237097,10823.4448040273,162.458471760797
American Samoa,2018,636000000,2.18487394957982,9271.71200951825,11466.6907058505,168.238993710692
Andorra,2017,3000180750.11297,0.346071889630295,44430.7440094935,38962.8803536703,0
Andorra,2018,3218316013.22626,1.58876549046354,45133.7136149095,41793.0552583729,0
Andorra,2019,3154057987.23833,1.84923825726078,45887.3021264552,40886.3911648431,0
Angola,2017,122123822333.59,-0.147212941085755,3409.93030259958,4095.81294155857,52.256821448818
Angola,2018,101353230784.594,-2.00362972730201,3233.90623484048,3289.64666408633,66.3780119350296
Angola,2019,88815697793.303,-0.624644317706895,3111.15769874335,2790.72661520665,68.8502850634669
Antigua And Barbuda,2017,1467977777.77778,3.14554360323184,14220.5021076325,15383.4151884998,133.585128445783
Antigua And Barbuda,2018,1605351851.85185,7.38919716232351,15134.8841569088,16672.7442395764,141.198998719561
Antigua And Barbuda,2019,1661962962.96296,4.6586491566827,15704.2659429089,17112.8211347326,0
Arab World,2017,2516121177762.82,0.820846516639278,6445.93377633856,6108.58822028271,86.1785968243827
Arab World,2018,2771384097904.53,2.07946900622331,6456.27832472536,6601.82518932287,86.307775092246
Arab World,2019,2817414584665.11,1.48763301718738,6428.59338306898,6584.74024069285,83.9170355683774
Argentina,2017,643628665302.668,2.81850297245272,10419.455405282,14613.0418246696,25.2896011376345
Argentina,2018,517626700412.718,-2.56535187644216,10049.5552392518,11633.4980086465,31.1749415367593
Argentina,2019,445445177459.426,-2.08801486381233,9742.45541691587,9912.28180859803,32.6276437331024
Armenia,2017,11527458565.7334,7.50000000164144,4198.79474869834,3914.5012684128,87.202376539837
Armenia,2018,12457941907.0333,5.19999999965324,4406.70643384286,4220.49027671249,92.473107021212
Armenia,2019,13672802157.8324,7.59999999853918,4732.06950610049,4622.73349328671,95.7371808943261
Aruba,2017,3056424581.00559,1.9999991044233,26630.2052807325,29007.6930034887,144.964357521477
Australia,2017,1329188475752.32,2.30061062359425,56058.4659514366,54027.9668184568,41.8187203488936
Australia,2018,1432881172002.17,2.94928577160958,56832.0504820575,57354.9640455891,43.2626476825205
Australia,2019,1396567014733.23,2.16095629535999,57186.6212930671,55060.3261005013,45.7104594710859
Austria,2017,417237869115.93,2.39958760332166,49031.1070286152,47426.5119597773,104.944224211506
Austria,2018,455094861902.062,2.58012073304926,50051.7859126367,51478.2852619277,108.110820195531
Austria,2019,445075391688.156,1.41873427248989,50552.9061212823,50137.6627762476,107.779781982421
Azerbaijan,2017,40865558912.3867,0.153614646686307,5764.69251955865,4147.08971569171,90.4023156823216
Azerbaijan,2018,47112941176.4706,1.50040170699388,5800.71518438101,4739.84171028393,91.6725765369825
Azerbaijan,2019,48047647058.8235,2.21870427670241,5879.99265435911,4793.58701966989,86.0438780132467
Bahamas,2017,12490700000,3.11561351467324,28282.518097005,32718.6381008013,76.3391963620934
Bahamas,2018,13022100000,3.02599916773715,28845.2557704818,33767.5033710196,77.7977438354797
Bahamas,2019,13578800000,1.21787385742007,28908.5485742501,34863.7420984795,75.9198161840516
Bahrain,2017,35473776595.7447,4.29094977756338,22167.0782833708,23742.9850166355,143.086667256454
Bahrain,2018,37652500000,1.77943344650697,21478.1144253022,23991.05667694,151.404854301726
Bahrain,2019,38574069148.9362,1.8191745112009,20912.9868841525,23503.977126673,0
Bangladesh,2017,249711027660.253,7.28417442269364,1127.2715619676,1563.91369862485,35.3040000906967
Bangladesh,2018,274039092455.306,7.86374303036237,1203.21642542608,1698.35039428122,38.2448929879071
Bangladesh,2019,302571254131.135,8.15268494677524,1287.8215971097,1855.73982408046,36.7592997489934
Barbados,2017,4978000000,0.475110679192298,16254.2404265057,17391.4258663397,82.9143009240659
Barbados,2018,5086500000,-0.580333154218167,16136.9099326335,17745.1934649963,80.992899832891
Barbados,2019,5209000000,-0.0961355529131964,16099.8284121592,18148.2449264001,83.6916711460933
Belarus,2017,54726595249.1849,2.53218350023035,6375.28892983321,5761.74712023007,133.367754723012
Belarus,2018,60031262269.3365,3.14919759374963,6586.2977396088,6330.0752464187,139.393736250171
Belarus,2019,63080457022.6599,1.22209662862558,6678.5090648389,6663.29529282582,133.345989479484
Belgium,2017,502698069366.942,1.60808683450885,46409.1300759444,44192.6230270333,165.34775639333
Belgium,2018,543734366831.215,1.81229599862863,47035.6139543386,47583.0749405066,166.237087316477
Belgium,2019,533097455834.509,1.7438195246211,47618.2982067854,46420.6637668061,163.057248868288
Belize,2017,1836600000,1.87019515079834,4211.59954966434,4887.5772083381,113.411093869106
Belize,2018,1871200000,2.07894927799144,4217.20716116883,4884.7341615523,115.710263467294
Belize,2019,1879613600,0.273680469166521,4149.86190551309,4815.1637107951,115.710072006289
Benin,2017,12701656930.6889,5.67155546944753,1166.76057483953,1136.59284704681,61.4765969582555
Benin,2018,14250985958.6727,6.69725946087986,1211.31656294328,1240.82946441954,61.8447185146293
Benin,2019,14390709094.9386,6.86568733525598,1259.80807064558,1219.43267185875,63.6813323140356
Bermuda,2017,7142316000,3.61141983706115,94309.5848817737,111820.581466347,72.3924284503794
Bermuda,2018,7224329000,-0.432801300339307,93832.3666163461,113021.417396746,77.121210841865
Bermuda,2019,7484113000,0.45988994302148,94266.8417594258,117089.286273037,75.8610539418633
Bhutan,2017,2450364928.07302,4.65183467529606,3072.02029929191,3286.57470287488,82.8098445212442
Bhutan,2018,2446866404.93058,3.05512983672538,3128.83549606004,3243.48603638229,86.7049037955487
Bhutan,2019,2530547157.56678,5.46452256035737,3262.198967599,3316.17571350084,84.3588359248042
Bolivia,2017,37508642165.3366,4.1952063010676,2490.95622581417,3351.1240444427,56.7046527339133
Bolivia,2018,40287647930.4761,4.22362351118875,2559.51119070116,3548.59015508448,57.1099646333271
Bolivia,2019,40895322843.7851,2.21670577750376,2579.89901190316,3552.0687602631,56.3973067329667
Bosnia And Herzegovina,2017,18080118128.3854,3.17143487487128,5828.71653691876,5394.59122017677,97.8741746500704
Bosnia And Herzegovina,2018,20183510561.2553,3.74007109201324,6096.91949150311,6072.18462285304,99.2240210426498
Bosnia And Herzegovina,2019,20164193806.88,2.67816082303464,6303.68866498252,6108.51069581338,95.2585270776408
Botswana,2017,17405588070.4332,2.90399773210927,7859.16899892583,7893.23253363666,75.6021758200002
Botswana,2018,18663265549.0196,4.47883655345764,8032.68193680205,8279.60173877574,79.5077883744202
Botswana,2019,18340480936.0444,2.96612564781233,8092.96708724053,7961.32518123885,74.1107590153163
Brazil,2017,2062831045935.95,1.32286905404399,11021.7182622703,9925.38623770041,24.3277137261615
Brazil,2018,1885482534238.33,1.31722399870793,11079.709675038,9001.23424863499,29.3977825566287
Brazil,2019,1839758040765.62,1.13658557200958,11121.7399151021,8717.18627810819,28.9766236459153
Brunei Darussalam,2017,12128104859.1498,1.32860255161715,31752.740813782,28572.1467776509,85.1767490461377
Brunei Darussalam,2018,13567351175.0315,0.0522377907767719,31436.8681969939,31628.3287914349,93.896319873231
Brunei Darussalam,2019,13469422958.5105,3.86910986506845,32327.4055290563,31086.7511188028,108.509658357959
Bulgaria,2017,58971520599.2509,3.50275153013627,8353.9682378682,8334.08172775332,130.224304689056
Bulgaria,2018,66230155099.5775,3.09244765360886,8674.72320233978,9427.73043039881,129.088387638043
Bulgaria,2019,68558815111.6199,3.694308379839,9058.73528029721,9828.14851478139,125.172532869676
Burkina Faso,2017,14106956830.0857,6.20348941121868,771.647944054805,734.994429826895,59.2687802020168
Burkina Faso,2018,16059910870.6239,6.73123560805429,800.311721098057,813.096848960038,60.3032990068569
Burkina Faso,2019,15990803569.9961,5.69943493424034,822.203917045326,786.895631290168,56.7252602906424
Burundi,2017,3172292379.36329,0.500009998779461,214.139246201959,292.997630684415,34.3962372025288
Burundi,2018,3036931818.18182,1.60993308234522,210.804225834169,271.752044376648,39.2100430604203
Burundi,2019,3012334881.64057,1.84247667669986,208.074726923036,261.247472515742,41.857360239639
Cabo Verde,2017,1769787215.14611,3.70203920948767,3619.62102216948,3292.64575457372,113.30316650214
Cabo Verde,2018,1966983316.56524,4.53116168333302,3740.00407706064,3617.32748873182,117.274673381671
Cabo Verde,2019,1981845740.35828,5.66775245955813,3907.65337200972,3603.78179304514,116.214528584601
Cambodia,2017,22177200511.5811,6.8290824484082,1135.84433592539,1385.2599796333,124.787773548276
Cambodia,2018,24571753583.4922,7.469169206999,1202.62486005335,1512.12670972847,124.898612832521
Cambodia,2019,27089389786.979,7.05410693233065,1268.97160228996,1643.12138876539,123.55652376833
Cameroon,2017,35009262788.15,3.54908731822189,1481.7319899601,1425.10781805333,41.1899669442148
Cameroon,2018,38694156862.9922,4.06248684068682,1502.16909554019,1534.49370193468,43.0113824642548
Cameroon,2019,39007354359.2798,3.72071142232247,1518.31214949466,1507.45020591288,44.8677212238389
Canada,2017,1649878054226.82,3.17072989658753,51170.4758411953,45148.5527061655,65.0337418914608
Canada,2018,1716262621082.22,2.01363918733426,51476.2007739946,46313.1713712961,66.1132735213071
Canada,2019,1736425629519.96,1.65604084498516,51588.7614342188,46194.7252255167,64.9767044956374
Caribbean small states,2017,71452564226.3475,0.517131031010166,9168.24768755362,9767.97005850011,0
Caribbean small states,2018,74967267520.1689,1.63727808842809,9262.67739394907,10187.2123091569,0
Caribbean small states,2019,77721714917.8506,0.957077018220161,9297.72619197909,10500.9719018527,0
Cayman Islands,2017,5153091157.77225,3.10256121474275,76439.589917984,81302.122965073,0
Cayman Islands,2018,5517361237.63423,4.12648552035706,78611.5551657543,85975.0247395242,0
Central African Republic,2017,2072350151.13061,4.52727821346231,371.108792249647,450.900244979058,57.1435457117119
Central African Republic,2018,2220978978.17342,3.78944359275462,379.36500856344003,475.953609871945,65.8636468647533
Central African Republic,2019,2220307368.69593,2.97027564753407,384.145561598858,467.907440636335,66.135130443945
Central Europe and the Baltics,2017,1463498188698.06,4.89310078911369,15602.8260443836,14244.8644785917,125.865890967602
Central Europe and the Baltics,2018,1644435698536.64,4.50240648767782,16337.3912073212,16037.4818998226,126.874521312452
Central Europe and the Baltics,2019,1668851928931.89,3.82411684421527,16988.4037423936,16300.7920722546,124.554570086981
Chad,2017,10000395242.1457,-2.98869598553931,817.534137105888,665.94835269506,73.5750081822223
Chad,2018,11239167048.4916,2.37403780037786,812.015817950141,726.149881109447,74.2047537321657
Chad,2019,11314951342.7807,3.24718191743429,813.719894880171,709.540310138533,74.5705255558558
Chile,2017,277044950259.009,1.18857258229855,14741.1924958248,14999.3700885512,55.6556655521952
Chile,2018,298258019275.049,3.94932089095181,15111.6954231416,15924.7942393064,57.3516466624662
Chile,2019,282318159744.65,1.05444255073994,15091.4505062473,14896.4538665789,56.7617888231289
China,2017,12310409370892.8,6.94720079330668,7346.8365644629,8879.43866711346,37.6324132404996
China,2018,13894817549374.2,6.74977383254181,7807.0578088033,9976.67713725865,37.4562435729627
China,2019,14342903006431.3,6.11011828768078,8254.53281743983,10261.6792453621,35.6800870829592
Colombia,2017,311883730690.129,1.35936086788746,7620.91617187225,6376.70671552601,35.2829149424588
Colombia,2018,333568923004.469,2.5153244557176,7694.42733302471,6716.91159778134,36.5618892194281
Colombia,2019,323615979418.651,3.26021670173643,7838.20971410357,6428.67620562768,37.7090933870031
Comoros,2017,1077439662.5798,3.81570211280726,1386.92236846489,1323.81158996501,40.164358921352
Comoros,2018,1178530757.72328,3.43076413622954,1402.74035543881,1415.95531263535,43.0945213236163
Comoros,2019,1165839927.06327,1.98610951657874,1399.38853793637,1370.14820676715,42.0756671946428
Congo Democratic Republic,2017,38019265625.8845,3.72694765333267,408.924793382014,467.07423746489,74.2913796171954
Congo Democratic Republic,2018,46831342212.5473,5.82112109989339,418.988811501869,557.064418324276,72.2895757408597
Congo Democratic Republic,2019,50400746171.4239,4.38452888103882,423.640255620729,580.716867207745,63.173840802806
Congo Republic,2017,11198674674.3816,-4.63308756037956,2520.6183640463,2191.22043789319,112.176321671401
Congo Republic,2018,13518403446.9566,-6.20400702381122,2303.98260129749,2577.70170504152,121.38218231551
Congo Republic,2019,12267392146.5888,-3.54413030584155,2166.09410080018,2279.96913053355,122.249429573154
Costa Rica,2017,58481858042.5721,3.86019845392708,9775.85087831526,11814.6265687665,65.8144121143357
Costa Rica,2018,60553901420.085,2.6603752941224,9936.58452751182,12112.1344206452,66.6946767479289
Costa Rica,2019,61801385049.0716,2.08379484344117,10046.9400015886,12243.8114267607,66.0225000884947
Cote D'Ivoire,2017,51588158717.5348,7.35963808821695,1600.76525651687,2111.02707557541,48.5407783205547
Cote D'Ivoire,2018,58011466450.8643,6.89028431967284,1667.94270502825,2314.05068144953,46.0674863772771
Cote D'Ivoire,2019,58539424929.7248,6.23170951305083,1727.28368913368,2276.33327906444,46.4009144551692
Croatia,2017,55481644098.0495,3.43921735228665,15396.801079964,13451.6249479152,99.1495932321043
Croatia,2018,61375222347.0256,2.80760970078776,15971.1476683104,15014.0850191716,101.248016262668
Croatia,2019,60752588976.3175,2.85892596800696,16509.9119244784,14936.100547343,104.170991548139
Cuba,2017,96851000000,1.80905439941586,6666.33172826664,8541.2106734664,26.2175919711722
Cuba,2018,100023000000,2.24848039303581,6816.89680904415,8821.8188912500409,27.0947682033132
Curacao,2017,3116610111.73184,-1.73976542028957,0,19457.5315232205,0
Curacao,2018,3127908044.69274,-2.16613107776222,0,19573.892645136,0
Curacao,2019,3101787709.49721,-3.40000000000001,0,19689.13982339,0
Cyprus,2017,22729184365.1152,5.15477714593604,30650.244788011,26338.6943443136,147.378065091262
Cyprus,2018,25309818138.8758,5.24074782806838,31506.9235229004,28689.7067225792,148.912872566401
Cyprus,2019,24948935408.0376,3.07503434303197,32093.0265789587,27858.3709958327,144.81611247225
Czech Republic,2017,218628940951.675,5.16872430413071,23144.4087233262,20636.199952435,150.532652492994
Czech Republic,2018,248908731817.502,3.1813140503092,23800.9748558483,23415.8436273041,148.003370824325
Czech Republic,2019,250680504529.647,2.33530928255712,24265.9892032481,23494.5962002944,142.756165428235
Denmark,2017,332121063806.391,2.82173634129026,63215.9980672126,57610.0981801136,102.979389908635
Denmark,2018,356879499797.896,2.17564638865319,64271.8782657946,61598.5367043936,106.709145333848
Denmark,2019,350104327658.675,2.8495144411967,65820.2381026777,60170.3426365069,109.29243155125
Djibouti,2017,2751461055.59307,5.40309984307834,0,2914.38385631251,304.328726225406
Djibouti,2018,3012820409.63313,8.40766266610518,0,3141.88921873893,288.216697848041
Djibouti,2019,3324634256.13324,7.77049725726383,0,3414.92486968779,0
Dominica,2017,519837037.037037,-6.79942797028076,6561.40740744775,7274.72133332919,104.475355524523
Dominica,2018,551074074.074074,2.29808022998439,6696.54374244663,7693.87887014414,108.133960615633
Dominica,2019,582403703.703704,3.55674324382569,6917.04972859397,8110.56851191655,108.718185807223
Dominican Republic,2017,79997975622.7604,4.66670467622792,7273.35376492085,7609.33879952227,50.2250854244367
Dominican Republic,2018,85555378043.7999,6.98252758438238,7697.72192275037,8050.63044036673,52.0559663850788
Dominican Republic,2019,88941299734.2073,5.05216802271153,8002.44167801726,8282.11635935324,51.0111449198007
Early-demographic dividend,2017,11399719349294.5,4.70212714417586,3644.3489751474,3555.34490649832,52.8685802240215
Early-demographic dividend,2018,11645984950915.1,3.50771475130924,3723.54891305789,3585.32218812471,57.0236568391871
Early-demographic dividend,2019,11989867025219.9,2.18154746211701,3756.1533615513,3644.01459793481,54.1785632203335
East Asia & Pacific,2017,24222685964338.3,4.75724157064954,9972.46178865017,10467.4430246664,56.1242943561177
East Asia & Pacific,2018,26351346134237.6,4.18043154350522,10326.6984248646,11318.6354877622,57.4676780531751
East Asia & Pacific,2019,26987767528542.9,3.783828328661,10660.2517892031,11530.1381346129,0
East Asia & Pacific (excluding high income),2017,14835961478596.2,6.63594134604411,6158.70440131282,7173.56731526143,48.2063143629068
East Asia & Pacific (excluding high income),2018,16594146987960.9,6.45109125201218,6513.502145414,7971.67338559114,48.5403563152634
East Asia & Pacific (excluding high income),2019,17214775860650.6,5.83175107515271,6853.72544662096,8222.27687284776,45.776425654745
East Asia & Pacific (IDA & IBRD countries),2017,14807652296163.7,6.63623429375448,6223.5477773396,7249.10181549539,48.2064985471113
East Asia & Pacific (IDA & IBRD countries),2018,16562482144146.1,6.45121635151837,6581.94040949756,8055.42956281708,48.5401615107127
East Asia & Pacific (IDA & IBRD countries),2019,17181893729969.4,5.83153731276873,6925.61846290501,8308.52290628931,45.7771789126847
Ecuador,2017,104295862000,2.36838652633651,5205.76302016858,6213.50127649921,42.4217213910174
Ecuador,2018,107562008000,1.28929193290502,5180.59899766355,6295.93539868079,46.3621309486896
Ecuador,2019,107435665000,0.0537188288209904,5097.06864233147,6183.82382482173,46.7399136031782
Egypt,2017,235733695652.174,4.18122100091018,2818.54737057288,2444.29031115094,45.1268011527377
Egypt,2018,249712999437.254,5.31412103746398,2908.58392993864,2537.1253654904,48.2782710596295
Egypt,2019,303092255125.285,5.55768388791593,3010.15292002424,3019.20582861756,43.2651297371437
El Salvador,2017,24979200000,2.24994225188968,3441.31327806984,3910.25719295906,74.30466147835
El Salvador,2018,26117400000,2.43096049921077,3507.06085904127,4067.65944881154,77.1750633677165
El Salvador,2019,27022640000,2.38236290798393,3572.35758624304,4187.2500311069,77.1788766752619
Equatorial Guinea,2017,12200914929.5961,-5.66750295652729,11225.3725336737,9667.91225173046,102.428258251803
Equatorial Guinea,2018,13278488567.3058,-6.3563391129224,10134.6283006732,10144.1958108456,104.514601741715
Equatorial Guinea,2019,11026774945.3415,-5.57630845388924,9237.7161862392,8131.92388810912,107.381315031531
Estonia,2017,26951648828.5789,5.49915471010711,19167.5211384405,20458.4607286705,147.320392519864
Estonia,2018,30631142226.8533,4.35546476501582,19932.8607464487,23170.7073775514,145.65648945196
Estonia,2019,31471100656.2431,4.99644378512059,20856.0184631849,23723.306112848,141.806026645834
Eswatini,2017,4402972999.53486,2.0265702359378,4698.9519038769,3914.61325245175,87.7982926483672
Eswatini,2018,4665424249.06156,2.37160969391897,4761.96662672648,4106.1971526456,84.7688101350395
Eswatini,2019,4471598726.6436,2.24391952452849,4818.19216532272,3894.67980685427,89.0922606880238
Ethiopia,2017,81770791970.982,9.56418964295607,548.41948050565,768.522307579386,31.1036313022906
Ethiopia,2018,84269348327.3454,6.81614779681703,570.651825161013,771.523813864476,31.199374943469
Ethiopia,2019,95912590628.1412,8.3640856990789,602.634069309359,855.760862280838,28.8153010070423
Euro area,2017,12671044522003.4,2.57796570585948,40247.0828331855,37140.6698528957,86.9347142825104
Euro area,2018,13686889517984.1,1.88182836102722,40922.9500003513,40038.5067764355,88.3746477522363
Euro area,2019,13356063677260.5,1.29039850127211,41359.7268249175,38984.6859895145,88.1867506211613
Europe & Central Asia,2017,21610837008711.6,2.82034081348424,25874.0750345055,23629.1062237995,82.6454104286313
Europe & Central Asia,2018,23145668465857.4,2.15710683908863,26336.1107553664,25215.2719623363,84.4462208306526
Europe & Central Asia,2019,22792819661712.7,1.53400851272391,26646.7077341803,24744.1402883946,84.3278374313841
Europe & Central Asia (excluding high income),2017,3114811233223.44,3.97914654031143,9318.29151829885,7879.81868059063,59.0591772928285
Europe & Central Asia (excluding high income),2018,3192144799381.44,2.97411056114004,9543.63068193579,8031.86420929148,63.5222876415275
Europe & Central Asia (excluding high income),2019,3248461689441.89,1.70439487010454,9658.42968383465,8133.26084670603,62.1411242164664
Europe & Central Asia (IDA & IBRD countries),2017,3908497177205.46,4.23591224141538,9983.30614963379,8552.95274227593,67.4825400696579
Europe & Central Asia (IDA & IBRD countries),2018,4082389169975.06,3.35554875008634,10273.4754405378,8894.6706846259,71.5013909291275
Europe & Central Asia (IDA & IBRD countries),2019,4155157371202.28,2.22230829893559,10460.0942211118,9017.27828722879,70.2290038863795
European Union,2017,14758432346844.8,2.78916521658414,35890.8651942884,33080.9186444207,89.4674494107242
European Union,2018,15965026482630.7,2.11823998429288,36598.0928421287,35733.7160011367,90.9985641470839
European Union,2019,15626448476438.3,1.55426495363791,37105.9331887877,34918.4983749707,90.7850792675357
Faroe Islands,2017,2905102303.5333,0,0,60108.4666887359,105.759536234302
Faroe Islands,2018,3116887847.21122,0,0,64269.7042541028,101.874818996134
Fiji,2017,5353404418.66413,5.35363107429259,4650.30173043457,6101.03083866498,96.9285758723623
Fiji,2018,5581393120.62853,3.8126372191541,4794.68402607933,6317.4878527697,103.436732872127
Fiji,2019,5496250694.31587,-0.445334699771735,4738.6292897774,6175.88872032104,0
Finland,2017,255232257243.53,3.27017227416624,48213.3827348358,46336.6632530127,75.1753838527351
Finland,2018,275946554578.823,1.51758861140196,48880.18533577,50030.8773106501,78.1078814023555
Finland,2019,269296310180.392,1.1455357025294,49397.2348587123,48782.7884755091,80.0412377990988
Fragile and conflict affected situations,2017,1569590877815.66,1.77870372923982,2280.18141989198,2055.57360374933,0
Fragile and conflict affected situations,2018,1698248056693.35,2.22385020503788,2280.44797980996,2175.9365406788,0
Fragile and conflict affected situations,2019,1778456492418.56,2.18019336437305,2278.57581338692,2228.25524462277,0
France,2017,2595151045197.65,2.29141999417021,43015.2106423116,38812.1610341682,62.9618472934066
France,2018,2787863958885.49,1.79286392711333,43720.0263429305,41631.0907389044,64.4791960984239
France,2019,2715518274227.45,1.50859403033795,44317.3923051173,40493.9285720456,64.5227290341624
Gabon,2017,14929488770.7315,0.472642030911146,9212.31972704417,7230.39639268426,75.0687404456638
Gabon,2018,16862282413.8778,0.842950945596527,9051.28130144379,7956.62781558686,72.0488818477495
Gabon,2019,16874450215.1351,3.94494620364154,9177.51660272077,7767.01340440788,72.2497973586532
Gambia,2017,1504909753.28746,4.8226112492757,760.124705650582,679.756913965828,53.3190552786319
Gambia,2018,1670670668.5939,7.23489033258579,791.450044695264,732.717513775219,63.1096341426273
Gambia,2019,1826073739.82522,6.05676574421921,815.215545192783,777.811932084008,55.5386924434596
Georgia,2017,16242916915.7203,4.84260322496586,4512.76109468254,4357.00093554628,104.040076935155
Georgia,2018,17599700090.762,4.86993477619603,4734.37739334704,4722.78778321766,111.755539312188
Georgia,2019,17477255545.6705,4.98235045944931,4978.49949788261,4697.7045759469,118.646804645511
Germany,2017,3682602479929.42,2.60197600462604,46862.0419736415,44552.8193719078,87.4116986619057
Germany,2018,3963767526250.98,1.26799523225071,47313.845816417,47810.5076706348,88.5963872113359
Germany,2019,3861123558039.21,0.555450887945668,47446.7298463769,46445.2491012508,87.9891274408895
Ghana,2017,58998132329.6173,8.14344654879852,1739.46749204249,2025.93242386751,73.6482046044069
Ghana,2018,65556464048.1539,6.26348073195742,1808.32722017919,2202.31216442504,71.6781524250918
Ghana,2019,66983634223.943,6.47839480535899,1884.28485989233,2202.11556738065,71.378190816446
Greece,2017,203588424740.3,1.50509939592598,23052.9862132037,18930.2186276597,67.0005550789866
Greece,2018,218138367208.799,1.93437065932918,23546.6394661725,20324.3049917812,72.5197001864622
Greece,2019,209852761132.839,1.87087000443557,24024.2340007051,19582.5359794936,74.3844668935414
Greenland,2017,2826651925.66902,0.468546637744055,47647.6498925073,50321.3687543442,84.8741701984023
Greenland,2018,3051626389.63671,3.21802733064499,49311.7670601587,54470.9563864255,85.8493601386626
Grenada,2017,1125685185.18519,4.44274028787592,8775.89864433273,10152.8328118872,106.042410383799
Grenada,2018,1168696296.2963,4.14115283820682,9091.76153084554,10485.9071571796,111.773803034721
Grenada,2019,1210603703.7037,1.9142866405161,9220.3861385417,10808.6721222084,110.199074229876
Guam,2017,5851000000,0.249807840122983,31847.6496791422,35615.8046274371,71.013501965476
Guam,2018,5920000000,-0.268353459842814,31477.266910582,35712.5621350321,73.3614864864865
Guatemala,2017,71612352644.9734,3.02343025000842,3286.74128251609,4451.45098144235,46.1238216908559
Guatemala,2018,73118147941.2704,3.21490625017888,3338.54745773772,4472.89237082577,47.1588421715465
Guatemala,2019,76710355347.0968,3.84490206694998,3413.23401299435,4619.98525821971,45.8655965413655
Guinea,2017,10324668266.5921,10.2999072221352,869.018973228085,855.573639877367,101.251633768429
Guinea,2018,10907214993.5687,6.1997746873985,897.116199584169,878.599613250501,90.6283609158764
Guinea,2019,12296665331.192,5.599999999926,920.878243870497,962.839908587778,76.2009550336815
Guinea-Bissau,2017,1350177127.5523,5.91917662586047,615.038850552038,738.549944890782,60.8470169188269
Guinea-Bissau,2018,1458868241.85588,3.79999999834297,622.686699691974,778.349910210043,57.7908624560153
Guinea-Bissau,2019,1339449165.48759,4.60009404540054,635.525710129137,697.294926856786,57.0085558449435
Guyana,2017,4748174334.14044,3.73449465936282,5604.56486285706,6124.92996724861,0
Guyana,2018,4787635821.28928,4.44098072535355,5825.03691769949,6145.8424106799,0
Guyana,2019,5173759527.57794,5.3528307896936,6107.3474195403,6609.58642503371,0
Haiti,2017,14213814582.7938,2.286127252106,1277.37440451891,1294.23974604323,43.9424064026446
Haiti,2018,15965670198.4548,1.66782666363679,1282.23862032506,1435.35175551073,46.3779945985584
Haiti,2019,14332163266.3977,-1.68198512950129,1245.01249625003,1272.4909246734,47.3545792912647
Heavily indebted poor countries (HIPC),2017,713187205161.613,4.68542108743696,911.542194430607,939.509103511369,55.1837073073233
Heavily indebted poor countries (HIPC),2018,759123536838.027,4.08266418142142,923.065734934648,972.942914334936,57.411287259062
Heavily indebted poor countries (HIPC),2019,783061756161.729,4.06266117800278,934.838131946859,976.741808708116,55.6528689444814
High income,2017,51468319156973.6,2.43839500276574,42399.5457106432,42013.8899019256,61.7546639066376
High income,2018,54656884279246.1,2.19435002124948,43136.8093298065,44417.8679191719,62.8441795010624
High income,2019,55140634994666.1,1.643538086692,43656.4277631641,44617.4765305399,65.3601089472586
Honduras,2017,23136232229.6069,4.84291391050387,2176.29516512704,2453.72789597457,102.298625513661
Honduras,2018,24024189735.8876,3.69672956910365,2219.43646867526,2505.7767518955998,102.558376854398
Honduras,2019,25095395475.0393,2.65276116021215,2241.23866547752,2574.91219067443,96.6133512614005
Hong Kong,2017,341244161576.759,3.79103433501118,37929.4268377564,46165.8565115953,376.827829301823
Hong Kong,2018,361696880780.762,2.8474613899544,38698.9895247535,48543.4009905733,376.928400186092
Hong Kong,2019,365711532816.907,-1.24948812430758,37928.3533295197,48713.4737481561,353.225535728182
Hungary,2017,142961605733.026,4.31678098650497,15912.0146344436,14605.8543453283,165.195179213237
Hungary,2018,160418835850.907,5.40529410393094,16793.3841512184,16410.1872639683,163.382021854733
Hungary,2019,163469042867.956,4.57819046064414,17572.310646757,16731.8215139051,161.257730157012
IBRD only,2017,28864183920440.6,4.96527300924465,5864.17753383569,6094.41443043091,50.854858611034
IBRD only,2018,30807716110874.3,4.43962136425762,6071.85047990699,6448.82919322929,53.5368608038155
IBRD only,2019,31604112806477.3,3.66329454619819,6243.33947299991,6561.99428659455,51.4965996359064
Iceland,2017,24488176540.5908,4.54598290279273,51045.9400468343,71310.9392562342,88.069447110199
Iceland,2018,25737594324.022,3.81442300431327,51592.6546100899,72968.7042280499,92.0167884261274
Iceland,2019,24188038473.5438,1.91867686670734,51332.1412452913,66944.8330769825,85.9166662208067
IDA & IBRD total,2017,30964942653522.8,4.90794834862535,4701.6640640839,4889.16008178088,50.430444560695
IDA & IBRD total,2018,33032316632670.9,4.43564220622486,4850.96653892556,5152.65365955954,53.1633997145647
IDA & IBRD total,2019,33917225227399.3,3.66389958889066,4969.6335430281,5228.54414234076,51.1808303970242
IDA blend,2017,922589446187.657,2.71536788818435,1731.13402140245,1718.48233204613,31.7370660268966
IDA blend,2018,964268064192.791,3.48284117948323,1751.45494437137,1756.03960627613,37.3409343081382
IDA blend,2019,991547520067.22,2.23816519060077,1750.93446446597,1765.6634650645,38.1529405717764
IDA only,2017,1185503744780.45,5.44106327377438,1014.34360613764,1118.02654719899,54.5481392463
IDA only,2018,1268823087329.57,5.23200441322291,1043.77704266328,1170.10560560528,56.4095526572877
IDA only,2019,1331970889524.39,5.01697037309154,1071.67248106853,1200.91860733875,53.5932443181772
IDA total,2017,2107387269941.84,4.09341932778932,1257.84527813774,1319.41219090651,43.6106161386758
IDA total,2018,2231098324742.68,4.37862858545996,1283.77361581042,1365.85465109636,46.9634060711551
IDA total,2019,2320313648145.49,3.67256224675141,1301.27269072297,1388.82814141165,45.6157476319767
India,2017,2652754685834.59,7.04382085537057,1986.63290974892,1981.6510498992,40.7228112797364
India,2018,2713165057513.35,6.11958684136602,2086.45075048648,2005.86300452403,43.4049694956895
India,2019,2868929415617.02,4.18072762475113,2151.72603537868,2099.59904810855,39.5500608168754
Indonesia,2017,1015618742565.81,5.06978590134916,4120.52187883992,3837.65173121117,39.3554970704606
Indonesia,2018,1042240309412.58,5.16970560898147,4284.68582525458,3893.84642475571,43.0019440936794
Indonesia,2019,1119190780752.8,5.02471402216969,4450.72450013922,4135.56926281554,37.3033978584678
Iran,2017,445345256459.105,3.75519645192004,6948.70492458362,5520.31047120905,48.7806379098043
Iran,2018,453996479250.212,-6.02597852573442,6440.06539243446,5550.06095701484,65.0508409919589
Iran,2019,0,-6.78421566790148,5922.52758728661,0,56.1730621052694
Iraq,2017,195473049873.096,-2.49464293918186,5635.65916551479,5205.28825476591,73.5944695568976
Iraq,2018,224228010473.773,-0.563615471655993,5475.46596375893,5834.16621065352,79.9252944024375
Iraq,2019,234094042938.917,4.40090984469357,5589.02158223942,5955.10901036816,77.3477768565499
Ireland,2017,335663113507.851,8.14529626312184,71755.9673896497,69822.3470849141,219.998349077447
Ireland,2018,382674360648.245,8.16987071841437,76662.6745898471,78621.2279310086,211.511074393765
Ireland,2019,388698711348.156,5.54976718213716,79703.4116080567,78660.9564629603,239.215091683884
Isle Of Man,2017,6979581724.58172,2.83773969589424,92998.0465066539,83489.8170360741,0
Isle Of Man,2018,7491969312.87525,2.21340559862568,94514.9186904784,89108.4281417659,0
Israel,2017,353253406982.751,3.53670317097017,34243.0125767185,40541.8620938968,56.3910432359888
Israel,2018,370587977125.732,3.45370255788211,34749.6781898301,41719.7254385703,58.9370438190475
Israel,2019,394652210295.849,3.47168823051378,35278.9210208615,43592.0835823234,56.7662163851202
Italy,2017,1961796197354.36,1.66785904106857,35086.4783019615,32406.7203150134,58.6041759472917
Italy,2018,2091544955092.31,0.944089468582305,35485.1062802569,34615.7568910987,60.3483805856494
Italy,2019,2003576145498.04,0.342718996631092,35680.1597080093,33228.2366803707,59.9562954987493
Jamaica,2017,14806340821.0871,1.0033653175016,4785.65354700462,5069.18383810726,83.5477751986345
Jamaica,2018,15713908816.1463,1.94087814684517,4855.26207081811,5354.2368587703,89.0263817389479
Jamaica,2019,16458071067.8176,0.699999999999989,4866.98734957066,5582.26377755211,89.0263817377729
Japan,2017,4866864409657.68,2.16829073737318,48510.6094087782,38386.5111457057,34.5734381588921
Japan,2018,4954806619995.19,0.323207337906922,48766.1336629216,39159.4235633952,36.8165073643981
Japan,2019,5081769542379.77,0.654151650202522,49187.8330895642,40246.8801284164,0
Jordan,2017,41408960786.8028,2.08711461899614,3305.66816553352,4234.40313273963,90.163515187240293
Jordan,2018,42932112676.0563,1.93409167155136,3309.75215882997,4312.18011672108,88.5315171676213
Jordan,2019,44502895861.6837,1.9554663940488,3325.80780970269,4405.48841230824,86.3425375662982
Kazakhstan,2017,166805800595.704,4.10000000033854,10867.7387377836,9247.58133129626,56.8253936367159
Kazakhstan,2018,179339994859.384,4.09999999987123,11165.5446635217,9812.60140498928,63.5279594235197
Kazakhstan,2019,181665908556.499,4.5,11518.3582312232,9812.39037613835,63.8975682876009
Kenya,2017,78965004656.1823,4.80569652479387,1156.42529688802,1572.33549593781,37.3948372404257
Kenya,2018,87778582964.1388,6.31845070162866,1201.46635823697,1707.98680529003,36.1493883302782
Kenya,2019,95503088538.092,5.36574896547464,1237.49749909667,1816.5469164389,33.4014430678127
Kiribati,2017,187276210.91355,0.891508170372333,1763.23000218251,1640.50010436018,119.614663731083
Kiribati,2018,196737895.995218,2.31315781089032,1777.71450422182,1698.25628626739,98.3924136202405
Kiribati,2019,194647201.946472,2.24736596252662,1790.47992986302,1655.07883905984,0
Korea South,2017,1623901496835.79,3.15963574012777,27492.576254672,31616.8434004683,77.1209178066416
Korea South,2018,1724845615629.26,2.90740377377135,28157.7344466982,33422.9442100836,78.9888655134363
Korea South,2019,1646739219509.89,2.03934822710794,28675.0344073464,31846.2182324258,76.9964293082181
Kosovo,2017,7245707184.81699,4.22562951134094,4133.71698760439,4045.61420880757,79.1827125461888
Kosovo,2018,7942961738.30893,3.81562022636321,4276.9200963345,4419.91432698449,82.0074039933989
Kosovo,2019,7926133713.61397,4.17165925633525,4462.38324961209,4417.5240622333,85.4693578128743
Kuwait,2017,120707220573.689,-4.71210620851997,33359.427780449,29759.4364865575,97.8407833818167
Kuwait,2018,140645364238.411,1.24627381406719,33112.1907319075,33994.3819171507,100.487582077886
Kuwait,2019,134628542746.97,0.427320685188562,32702.2010302896,32000.4484691578,0
Kyrgyzstan,2017,7702934800.12836,4.73993725374304,1072.49369441286,1242.76964282023,100.617445813258
Kyrgyzstan,2018,8271108638.39931,3.75791011727753,1090.86775396793,1308.14016549619,98.8755599017608
Kyrgyzstan,2019,8454619607.81795,4.50713892307806,1116.35789141128,1309.39299165512,103.084998637386
Lao People's Democratic Republic,2017,16853087485.4118,6.8925308726989,1706.79323265232,2423.8462031921,0
Lao People's Democratic Republic,2018,17953786416.1431,6.24796000755872,1785.57679801882,2542.4865281792,0
Lao People's Democratic Republic,2019,18173839147.4011,4.65188711866189,1840.50435279444,2534.89827991125,0
Late-demographic dividend,2017,20547417514605.1,4.86640667302784,8323.55676081073,9029.71173792667,57.0103069906221
Late-demographic dividend,2018,22508844559569,4.96501456425418,8689.80554494637,9838.4432516566,58.0522513860397
Late-demographic dividend,2019,22983532467508.6,4.36085064306162,9026.83468148172,9999.48841965926,56.2859637490035
Latin America & Caribbean,2017,5995428836310.14,1.79241172696413,9536.33664218775,9448.25547897868,43.6664844734954
Latin America & Caribbean,2018,5823558182037.59,1.58170479141853,9597.73643511693,9092.67237798763,47.3153110623774
Latin America & Caribbean,2019,5733773582151.17,0.851596949154995,9590.17219269445,8869.89481433387,45.9508047246634
Latin America & Caribbean (excluding high income),2017,5425412038876.06,1.88852792706462,9183.06570344019,9005.7993239704,41.4707804983754
Latin America & Caribbean (excluding high income),2018,5226072829129.24,1.54981955164295,9238.13138174601,8593.74144050654,45.5949741291896
Latin America & Caribbean (excluding high income),2019,5149595087470.17,0.822258114282604,9228.38841099182,8390.06292074217,45.1306216506861
Latin America & the Caribbean (IDA & IBRD countries),2017,5755251917064.24,1.87450210170286,9456.54241427907,9303.04856215472,42.629372312926
Latin America & the Caribbean (IDA & IBRD countries),2018,5581213225245.97,1.67460370698113,9521.94050357841,8934.49818332295,46.6498854652252
Latin America & the Caribbean (IDA & IBRD countries),2019,5487957496814.37,0.846326816081984,9511.72307670589,8702.13746386907,45.8573245893287
Latvia,2017,30458763245.5118,3.2507202900895,15512.7252672195,15682.2214493267,123.899835566485
Latvia,2018,34416012859.1866,4.02431104454983,16263.22626834,17858.2799784486,123.62322994575
Latvia,2019,34102913582.4235,2.05408150762321,16722.1049572786,17828.8946571856,121.094501082498
Least developed countries: UN classification,2017,1033422643377.55,4.58599366811879,949.241547114583,1047.70805894462,50.5989771522864
Least developed countries: UN classification,2018,1073440853752.05,4.46219280118318,968.717856548727,1063.16791088601,54.6525149679172
Least developed countries: UN classification,2019,1115238042585.36,4.46059909186738,988.694902784031,1079.20461356443,52.2811547280311
Lebanon,2017,53140638269.1211,0.850699558838187,6370.88908198325,7801.17865807555,68.309918024882
Lebanon,2018,54961275741.5589,-1.92640477078561,6214.35804955447,8024.80327081387,68.1548308047974
Lebanon,2019,51991634491.6345,-6.69999999999995,5792.25533023923,7583.69472170648,96.0410275388329
Lesotho,2017,2405289384.40985,-1.32168525336579,1391.93652814412,1150.07917350089,135.742484286972
Lesotho,2018,2575892261.54044,-0.452672992848008,1374.64586513142,1221.88376322756,143.049571979614
Lesotho,2019,2376328637.26318,-0.805720588882366,1352.5756179982,1118.13128380194,139.366101723481
Liberia,2017,3285455000,2.46862609505123,548.010538342081,698.70176435511,122.989881158013
Liberia,2018,3264000000,1.22255131299607,541.271324140142,677.322178545363,120.343137254902
Liberia,2019,3070518100,-2.27824512534819,516.25599091284,621.892953622715,127.452275887903
Libya,2017,37883243650.452,26.6809026327981,7085.81214934763,5756.69844996569,89.7314507033064
Libya,2018,52607888717.9487,15.1327998906632,8038.57541150542,7877.12225061884,92.7726154291814
Libya,2019,52091152228.3425,2.53595347758677,8122.17048902136,7685.94926653003,117.473047408956
Liechtenstein,2017,6552858738.70214,0,0,173356.051288416,0
Liechtenstein,2018,6876981286.43011,0,0,181402.83002981,0
Lithuania,2017,47758736931.7801,4.28259695120761,16908.1265005971,16885.4073948373,144.873355393449
Lithuania,2018,53722883091.3513,3.9368459012309,17742.2632333198,19176.1765182085,148.639351605477
Lithuania,2019,54627411860.4705,4.33886103349596,18609.7159346199,19601.8908343885,149.693087967651
Low & middle income,2017,29869835182245.6,4.93163556585053,4551.74763800932,4753.28273311431,48.3095298422813
Low & middle income,2018,31817960829724.9,4.42662293839278,4695.41372438399,5001.6997794477,51.0704740460786
Low & middle income,2019,32709070487543,3.67697282850308,4810.4026924325,5080.87769439704,49.1183064291288
Low income,2017,503283508816.823,3.71007447993144,790.928144073569,792.826294086647,0
Low income,2018,518428827997.3,3.6897573827345,799.296791572348,795.957116426116,0
Low income,2019,541511926907.273,3.95531912341869,809.621635648142,810.094853446518,0
Lower middle income,2017,5768755648290.69,5.46827834021985,2009.25461665923,2037.37364885081,53.7388133647635
Lower middle income,2018,6007305623255.79,5.16415676910673,2082.90564748765,2091.39057844093,57.2311167274475
Lower middle income,2019,6334933300545.64,3.9626596620151,2134.9951877703,2174.43979701111,54.4746281787643
Luxembourg,2017,64181944722.7283,1.80118095539584,109452.960045415,107627.151006695,400.079471313964
Luxembourg,2018,70919958015.5247,3.11083626560442,110701.877200861,116654.26106674,387.103339675389
Luxembourg,2019,71104919108.1411,2.29697881609749,111062.340609832,114704.594170863,381.516616449664
Macao,2017,50751059058.0613,9.88758406914916,56423.2850551249,81516.6749248075,113.274805562102
Macao,2018,55084050789.7182,5.44254261921597,58641.6276638714,87208.535912643,116.001448278033
Macao,2019,53859116535.5306,-4.71085944721383,55110.5139504132,84096.3963112065,116.93951733499
Macedonia,2017,11307058382.3435,1.08177273813243,5300.81493522933,5430.87421029797,124.13728389629
Macedonia,2018,12683073866.1105,2.89999999999999,5452.01942677311,6088.97244500876,133.215198242456
Macedonia,2019,12547040498.9077,3.2,5625.13107315736,6022.21617939574,138.82722145992
Madagascar,2017,13176313233.1978,3.93331617112422,481.383147878006,515.29272487784,65.3434032953133
Madagascar,2018,13853433947.6241,4.56478275948496,490.097332875823,527.501326141803,62.5018012233029
Madagascar,2019,14114631280.6774,4.85100000002106,500.401970795678,523.359064460847,59.8817117544283
Malawi,2017,6303292264.18905,4.00003051653042,512.645612270701,356.717573153369,65.3298707550812
Malawi,2018,6917301908.62757,3.1700032203733,515.106449633898,381.258987601084,68.9861649721217
Malawi,2019,7666704427.00915,4.36923899075217,523.603451590109,411.552340423602,66.6045095827059
Malaysia,2017,319112136545.438,5.81272240983328,11736.8485306827,10259.1817806895,133.155173371956
Malaysia,2018,358715057123.739,4.769927023631,12131.4931629214,11377.4550023015,130.430419361579
Malaysia,2019,364681367531.684,4.30281598221003,12486.6788007841,11414.2069765208,123.000183693894
Maldives,2017,4754352301.4104,7.21047978783251,7837.38662570682,9577.62519371477,151.55719813982
Maldives,2018,5299773145.08744,8.12881366096461,8157.41335146456,10276.9328152389,153.86718681717
Maldives,2019,5642179170.45898,6.98667554039628,8476.56400867767,10626.513402239,146.991519564917
Mali,2017,15365627045.0866,5.30545608438166,766.142358238521,830.018367429228,58.0684483263947
Mali,2018,17070758732.1991,4.74648432724561,778.727885828542,894.802186858006,60.1447828038175
Mali,2019,17279566718.6087,4.75134153416911,791.646128746768,879.008010446655,57.952113764353
Malta,2017,13146963159.1185,8.01506313434925,28201.5227071065,28091.8616473935,284.72114130149
Malta,2018,14750790658.4025,5.17859848221423,28644.0595554038,30437.2215058962,269.951905751648
Malta,2019,14989415684.1203,4.9198221173362,28975.7128709527,29820.6032474099,273.715493627058
Marshall Islands,2017,212881000,4.05664458426934,2977.79656642921,3666.69537359193,122.918578924376
Marshall Islands,2018,221278000,3.6247527596621,3066.98104378652,3788.16359372058,125.72768192048
Mauritania,2017,6758390728.71734,3.49717500591493,1715.61075228775,1578.11417355949,91.9904485679432
Mauritania,2018,7049169770.86399,2.11526763746781,1703.86101491802,1600.87646860561,96.5551210323869
Mauritania,2019,7600656943.97506,5.93144208859553,1756.1185151256,1679.44487300408,93.0357951620475
Mauritius,2017,13259351418.4459,3.8141521149642,10199.4793607429,10484.9083620411,97.3654913265719
Mauritius,2018,14181951058.5129,3.75967723144153,10577.1757298579,11208.3438184474,94.9841664311718
Mauritius,2019,14048430518.5561,3.01476291122817,10892.5401750016,11099.2402835688,92.1745289928504
Mexico,2017,1158913035796.37,2.11312913549695,10277.8835173506,9287.84973619382,77.1157445044434
Mexico,2018,1222348807283.2,2.19499204896051,10385.8326568791,9686.51378326598,80.5632997329994
Mexico,2019,1268870527160.03,-0.0545279280443225,10267.500171933,9946.03382879198,77.9152934428754
Micronesia,2017,366666800,2.68218594445551,2751.7123957501,3289.70114571277,101.024254172998
Micronesia,2018,401932300,0.211653600126766,2728.62446818169,3568.291015625,100.851461800905
Middle East & North Africa,2017,3272607336333.91,1.55440775595625,7816.87860135922,7416.58584269787,79.1191856065079
Middle East & North Africa,2018,3566140736118.84,0.954019154819278,7756.83774771526,7943.94690728231,82.2804883133753
Middle East & North Africa,2019,3649607782728.21,0.470052200360897,7660.293828552,7991.12900461805,78.4632283681272
Middle East & North Africa (excluding high income),2017,1436549350150.36,2.90672260920614,4348.98776311014,3815.06235567043,60.7058401566059
Middle East & North Africa (excluding high income),2018,1520424748698.99,-0.3780756660191,4260.69435748699,3970.84824480407,68.989684342448
Middle East & North Africa (excluding high income),2019,0,-0.366182277840849,4173.58423390929,0,65.9462665263726
Middle East & North Africa (IDA & IBRD countries),2017,1420124946945.3,2.91983114099361,4364.52545494134,3816.59680341189,60.6498404815631
Middle East & North Africa (IDA & IBRD countries),2018,1503870646199.25,-0.392016144487499,4275.76076045941,3975.04843658749,68.9722425952979
Middle East & North Africa (IDA & IBRD countries),2019,0,-0.377790200689446,4188.26751520748,0,65.922676295048
Middle income,2017,29355518486024.9,4.94901082704509,4973.39677397958,5196.35976092234,48.3049042044132
Middle income,2018,31284038166250.9,4.43698024911059,5138.70982483801,5478.71794784699,51.0988520515087
Middle income,2019,32153305760637.5,3.6730717694806,5272.86145353268,5573.24410720134,49.1532243114063
Moldova,2017,9669759987.02633,4.69079339018722,3321.62208017648,3509.69345025814,85.6371918766728
Moldova,2018,11456717193.2501,4.30147772232226,3527.37419357356,4233.74343674119,85.8662253827237
Moldova,2019,11968713370.4969,3.58048425375992,3720.2272129762,4503.51698538847,87.3873957306116
Monaco,2017,6431314957.07185,-3.40000080981497,186185.105236886,167517.059727856,0
Monaco,2018,7188238072.74445,6.10000047479944,196061.416844238,185829.017960407,0
Mongolia,2017,11425755279.5395,5.33703793321978,3997.48587363775,3669.4175404033,117.223292274631
Mongolia,2018,13108769495.7425,7.2466296361045,4210.85821365292,4134.98719823511,122.49928517891
Mongolia,2019,13996719329.4097,5.15907060316485,4352.64159092309,4339.84327925027,126.218065621353
Montenegro,2017,4844606145.7683,4.71648965710496,7852.46012035895,7784.08791153906,105.554964991437
Montenegro,2018,5504255213.57871,5.07791065599665,8253.13710008673,8846.0565253174609,109.609318204725
Montenegro,2019,5542577964.98146,4.06293885004432,8589.6994428029,8908.93479246767,108.511987997029
Morocco,2017,109682728023.112,4.24894920814332,3305.41921976678,3036.32525487301,83.9991721893241
Morocco,2018,118096227400.092,3.14850265040512,3361.22378892073,3222.20063433213,87.9757826828681
Morocco,2019,119700325461.938,2.48190512448301,3396.05936346253,3204.09500313298,87.1416037596532
Mozambique,2017,13219084261.3664,3.74131759312564,589.71907445639,461.415094120589,99.7188116866019
Mozambique,2018,14845870050.7092,3.44381383971462,592.511396032081,503.318727177274,127.204156877743
Mozambique,2019,15291448211.603,2.28359720301215,588.677129562073,503.570772675202,116.547151205313
Myanmar,2017,68945867477.6054,6.404977325147,1482.6626633658,1291.54241301307,62.4489070251423
Myanmar,2018,76168043981.5932,6.7504601462238,1573.14770255708,1418.17762347196,60.6889892165365
Myanmar,2019,76085852617.1371,2.88796073310718,1608.48619521276,1407.81314341043,0
Namibia,2017,12741746523.8632,-0.256271148296392,6013.29335494243,5303.30917087143,82.1975267791671
Namibia,2018,13454211343.5949,0.698369455009356,5942.37690809769,5495.42892533452,82.7490818923016
Namibia,2019,12366528259.1844,-1.13409612736206,5766.00021807273,4957.45822226408,83.4755610558534
Nauru,2017,109585941.624557,-5.74712643678161,7572.79176776378,8510.86840824456,117.687543014453
Nauru,2018,124021393.690412,6.09756097560977,8143.32744416028,9762.38930182711,105.625
Nauru,2019,118223430.124446,0,8222.94188463653,9396.98196681072,99.2135511191773
Nepal,2017,25180583770.2719,8.22349948315457,779.203968661492,911.444266521259,51.3634470835471
Nepal,2018,29173513475.7073,6.70099546017006,817.779994443433,1038.65164702968,55.084578986518
Nepal,2019,30641380603.9699,6.99121243960215,859.023683467637,1071.05076055404,54.9259211369837
Netherlands,2017,833869641687.06,2.91090251315005,53942.0850648437,48675.2223350213,156.028211221086
Netherlands,2018,914043438179.607,2.36091509478513,54894.1290252192,53044.5324352253,158.823210208957
Netherlands,2019,907050863145.097,1.67741836780002,55488.967075566,52331.3167277797,156.224459948633
New Zealand,2017,205415864857.984,3.16309754201411,37725.1212214712,42849.426324701,53.8501715645581
New Zealand,2018,207920613961.749,3.11624261537958,38522.2469913962,42949.9305849512,55.9419498900163
New Zealand,2019,206928765543.935,2.81107010182147,38992.97446258,42084.3533748088,0
Nicaragua,2017,13785909906.1925,4.63082155203914,1957.84404237131,2159.157867515,96.3802171966235
Nicaragua,2018,13063904770.3561,-3.9498638070627,1857.05227261267,2020.55192996381,93.620938943446
Nicaragua,2019,12520915291.1837,-3.87904754979556,1763.20262362277,1912.90374537869,95.0758836210015
Niger,2017,11189541083.3975,4.99909716473381,535.174835632604,517.975030051999,39.0716364473453
Niger,2018,12846952856.8458,7.21917266805082,552.321162531903,572.427154260028,37.509972099642
Niger,2019,12911689659.351,5.90279178979098,563.149109110671,553.89505038138,37.7939168794606
Nigeria,2017,375746469538.666,0.805886619542704,2399.73124634223,1968.56473841262,26.3475990009104
Nigeria,2018,397190484464.308,1.92275734157302,2383.41981005925,2027.77797925505,33.0078334908649
Nigeria,2019,448120428858.769,2.2084292771582,2374.36943003918,2229.85869624463,34.0238778317108
North America,2017,21176374062226.8,2.44732164573603,53318.9536408337,58564.1583184882,30.6301030552034
North America,2018,22303646726082.2,2.83765758745641,54497.9074488217,61305.8921664562,31.0565444108879
North America,2019,23177135742520,2.11206121203504,55332.052716814,63344.0775191408,29.8427917845306
Northern Mariana Islands,2017,1601000000,25.5681818181818,23239.6992851692,28305.222587603,121.424109931293
Northern Mariana Islands,2018,1323000000,-19.6078431372549,18577.7914891156,23258.6758552794,108.692365835223
Norway,2017,398393955268.99,2.3232584068849,91549.0378687312,75496.7540581998,69.1644246402997
Norway,2018,434166615431.909,1.28954820126177,92119.522964297,81734.4655736102,71.0741858923888
Norway,2019,403336363636.364,1.15472193916453,92556.3216445989,75419.6348688089,72.1464996506412
OECD members,2017,50320155133068,2.57055684978542,38271.0821227879,37416.3149985587,56.9362274261686
OECD members,2018,53201637655856.3,2.20674015507447,38890.8221148243,39331.5342331279,58.2347778123849
OECD members,2019,53699374881339.8,1.6254698320728,39310.3174639424,39485.8942032928,60.6067467162257
Oman,2017,70598026282.7982,0.346322040517236,16067.0727205441,15130.5207386726,101.878505911169
Oman,2018,79788768968.949,1.76356090437298,15796.7264464046,16521.1822816125,102.293711757081
Oman,2019,76331518668.5771,-1.64792621326673,15082.0160219027,15343.0620043106,106.749152781738
Other small states,2017,398893497014.27,1.05889099016568,13715.1936834803,13230.8250084338,110.682813621693
Other small states,2018,442417900539.206,2.02204133244757,13714.3956560691,14382.7979768801,111.753295538539
Other small states,2019,432092892349.402,1.86720186900817,13703.0950859158,13778.2935135186,105.438452271871
Pacific island small states,2017,10212875641.1009,4.14768864269885,3405.74147167451,4216.56193921309,97.7216745020149
Pacific island small states,2018,10667782837.6444,2.86560001597135,3453.03816943927,4341.14352379779,101.497980368013
Pacific island small states,2019,10634784072.6223,0.638678222595644,3424.46566644882,4264.66741440106,0
Pakistan,2017,304567253219.097,5.55427743729406,1155.36336715957,1464.99330546855,25.8528368532
Pakistan,2018,314567541558.339,5.83641749754401,1197.91265061769,1482.30566684338,29.043321842986
Pakistan,2019,278221906022.841,0.98882943984708,1185.45677074611,1284.70204090039,30.4382082628105
Palau,2017,286106800,-1.91636045319476,12257.7159356116,16066.1949685535,127.762985527621
Palau,2018,280435700,4.05888512365482,12684.7243663096,15660.6745965265,125.109939922419
Palau,2019,268354919.433594,-4.24729446961922,12077.8446772012,14901.9835314079,0
Palestinian Territory,2017,16128000000,1.41936756294787,3025.23275869508,3620.36048715937,68.4486607142857
Palestinian Territory,2018,16276600000,1.22707737782703,2985.75909232001,3562.33094270256,71.4012754506469
Palestinian Territory,2019,0,0.949014484957928,2939.32977739301,0,69.2051563132009
Panama,2017,62219000000,5.59900676302183,11530.0712587088,15150.345612161,87.6655041064626
Panama,2018,65128200000,3.69210086368123,11755.1149696561,15592.573678922001,89.3921527080435
Panama,2019,66800800000,3.00638929488115,11910.1553367817,15731.0160348471,83.2096322199734
Papua New Guinea,2017,22742613549.3956,3.53461088359532,2452.32677778713,2695.25188280292,0
Papua New Guinea,2018,24109509856.1866,-0.279252336784467,2397.65996605516,2801.37399744404,0
Papua New Guinea,2019,24829107011.0701,5.90000000000008,2489.99704411109,2829.17030896837,0
Paraguay,2017,39008900331.6733,4.95377197900746,5272.36081198152,5680.58076826353,68.6778314041773
Paraguay,2018,40384691790.5685,3.3561721532668,5379.58163547209,5805.67561638869,70.6757670870668
Paraguay,2019,38145288939.8488,-0.0299143932940922,5310.36062271648,5414.79913793258,69.1576013472339
Peru,2017,211007207483.515,2.51883544233135,6314.29143772856,6710.50802896038,47.5135503619971
Peru,2018,222044970486.217,3.97693571755005,6453.56052508568,6941.23584763012,48.9137033022597
Peru,2019,226848050819.525,2.1501313906839,6486.63461847252,6977.69578355382,47.1218925844715
Philippines,2017,328480738147.216,6.9309883258402,3042.68677975457,3123.23422944462,68.1683697426727
Philippines,2018,346841896890.281,6.34148557153473,3190.77834847406,3252.09232413346,72.1633982990273
Philippines,2019,376795508678.853,6.04057525655762,3337.68200959564,3485.08421835861,68.6069060624368
Poland,2017,526508877305.321,4.83065457036179,15802.7047886969,13864.6817579973,104.554498237291
Poland,2018,587411745161.558,5.353704746044,16648.7682645826,15468.4822194105,107.420264852903
Poland,2019,595858207011.512,4.54091951432764,17406.5520804528,15692.5070255563,106.363796903317
Portugal,2017,221357874718.93,3.50634473938494,23380.6926964918,21490.429863104,84.4391405215721
Portugal,2018,242313116577.967,2.84932594937632,24085.4157067296,23562.5545228191,86.4287609308408
Portugal,2019,238785085030.988,2.23597655505208,24658.5001966101,23252.0585181211,86.7823274210182
Post-demographic dividend,2017,47470259139153.2,2.43195816527735,43377.4142034587,42929.5335974392,58.5092904274707
Post-demographic dividend,2018,50282104947774.3,2.10134583304185,44142.4223327511,45321.9986147501,59.7112954544054
Post-demographic dividend,2019,50769917916181.5,1.57757213498668,44698.8760329009,45618.8861568374,62.2287226298652
Pre-demographic dividend,2017,1267095772749.34,1.38866670210381,1505.38135141875,1416.52067917685,48.1737111057101
Pre-demographic dividend,2018,1338754447613.99,1.99130480546819,1493.65868428363,1455.98228944785,53.6627731205513
Pre-demographic dividend,2019,1403794376560.53,2.9669549228723,1496.60419961922,1485.64958462252,53.047132258457
Puerto Rico,2017,103445500000,-2.88595475858821,27561.0530580691,31108.7527508912,113.13126235554
Puerto Rico,2018,100979900000,-4.65959595959596,27362.4344457212,31621.8934700005,105.997629231164
Puerto Rico,2019,104988600000,1.18766355536251,27684.4605117758,32873.7192730424,0
Qatar,2017,161099122215.307,-1.49760468956656,64472.8472825253,59124.9323657393,91.4945879251807
Qatar,2018,183334953813.209,1.23487219150027,63932.6647698543,65908.0669010848,91.8384489809424
Qatar,2019,175837550996.185,0.774808391380645,63281.6746784339,62088.0618276987,90.3196917644625
Romania,2017,211695422578.655,7.31944852925453,10981.6403602154,10807.7953907179,86.5185593073843
Romania,2018,241457403085.042,4.47452377497343,11540.6230029705,12399.889335731,87.1366571453939
Romania,2019,250077444017.084,4.15262741240312,12091.8953918152,12919.5296441908,84.5598692285511
Russian Federation,2017,1574199387070.9,1.82579006355112,11550.5251205402,10720.3325853448,46.8765243371311
Russian Federation,2018,1669583089322.96,2.53633130140389,11844.4386003203,11370.8134559314,51.1331401438981
Russian Federation,2019,1699876578871.35,1.34187544067058,12011.5318008407,11584.9953826104,49.074069867083
Rwanda,2017,9253098954.27769,3.97628969448469,799.466868138239,772.318471775428,53.6752716384763
Rwanda,2018,9635951159.79293,8.57942454050658,845.40579629484,783.287184222986,55.8214030154997
Rwanda,2019,10354417725.1555,9.42867522388025,901.304358327991,820.025241658159,57.9471787220262
Saint Kitts And Nevis,2017,996944444.444444,-1.97734194177123,16589.4665787434,19158.7448006081,0
Saint Kitts And Nevis,2018,1010822222.22222,2.92393881700276,16943.6357147361,19276.5212674439,0
Saint Kitts And Nevis,2019,1053244444.44444,2.84280532627544,17294.704568271,19934.9745323929,0
Saint Lucia,2017,1999090407.40741,3.4888486595471,9046.27422750253,11047.4449858109,0
Saint Lucia,2018,2065875074.07407,2.63946235416486,9237.36851343066,11357.8890096382,0
Saint Lucia,2019,2122450629.62963,1.72883843181566,9350.74809965205,11611.4154473966,0
Saint Vincent And The Grenadines,2017,792177777.777778,1.00035787930946,6730.89902159826,7212.96018080962,0
Saint Vincent And The Grenadines,2018,811300000,2.16312894408262,6852.59995580625,7361.4009618002,0
Saint Vincent And The Grenadines,2019,824718518.518518,0.494924137323551,6862.91432374891,7457.50950382514,0
Samoa,2017,832153612.557186,1.04487968940552,3848.30135700844,4259.7650014189,78.6973627170352
Samoa,2018,821496064.526185,-2.06327306640259,3753.95008055331,4188.52834612851,85.9763623319875
Samoa,2019,852250190.985485,3.58062555818709,3869.28782709263,4324.01401840457,88.8645750184543
San Marino,2017,1528630707.49794,0.602381214348185,49542.768796903,45399.0290605549,313.85032377067
San Marino,2018,1655300872.53427,1.31277140529018,50023.786423779,48995.1420019023,309.487956436918
Sao Tome And Principe,2017,375614556.382313,3.84898238657834,1283.60669167662,1813.78323514196,0
Sao Tome And Principe,2018,412261829.648576,2.94526790781877,1296.74716937174,1953.58828993582,0
Sao Tome And Principe,2019,418637388.988052,1.30162344619526,1289.02171397044,1946.64361370086,0
Saudi Arabia,2017,688586244286.512,-0.741502651543101,20693.944320052,20803.7459178785,64.184994282698
Saudi Arabia,2018,786521831571.957,2.43411077754232,20819.747675011,23338.9634580718,66.6867663122879
Saudi Arabia,2019,792966838161.659,0.331435728758152,20542.1670613338,23139.7986561214,63.6597579433035
Senegal,2017,20996564751.5994,7.4074861863013,1495.34188817617,1361.69958778497,57.7052798455617
Senegal,2018,23236007428.2582,6.3795565836490304,1547.09470286576,1465.59100640191,60.5156729330092
Senegal,2019,23578084052.0147,5.27119235758356,1584.47152910985,1446.83096499408,60.5064024561698
Serbia,2017,44179055279.8887,2.10116384741241,6565.46390257786,6292.54362926707,107.527719112101
Serbia,2018,50640650221.4622,4.4951212927627,6898.17501524525,7252.40185773992,109.494865710998
Serbia,2019,51475016532.1293,4.24851343995569,7230.20823814914,7411.83611634734,112.082066034767
Seychelles,2017,1524486800.36049,4.37599595768887,14028.7209633324,15906.0839118192,189.34849610299
Seychelles,2018,1586008999.74841,3.75354119311118,14417.0554343701,16390.8249080053,182.354513197707
Seychelles,2019,1703387387.32319,5.31251416125629,15048.7469258275,17448.2702926831,172.259536765041
Sierra Leone,2017,3739577973.23943,4.21118264884808,466.94506935512,499.38070781976,74.0852938258157
Sierra Leone,2018,4085114794.22324,3.44616262140143,472.825438057197,533.991184258936,56.6958306351663
Sierra Leone,2019,4121733705.29165,5.50768645784532,488.455873508535,527.533634399111,53.5178050183571
Singapore,2017,341863349989.138,4.33660491918172,57378.8619656214,60913.745333494,316.012570774686
Singapore,2018,373217081850.534,3.43811104161446,59073.4875764707,66188.7793961798,326.938834537953
Singapore,2019,372062527488.638,0.733309934559728,58829.635369588,65233.2824392302,319.148381585353
Sint Maarten (Dutch Part),2017,1191620111.73184,-5.80000000000001,0,29369.0568278169,164.613220815752
Sint Maarten (Dutch Part),2018,1185474860.3352,-6.59999999999989,0,29160.1038110689,171.72478793591
Slovakia,2017,95494424978.5166,3.04327955580635,19832.1902249211,17556.6008176369,188.106721379078
Slovakia,2018,105701930962.982,3.76863150894924,20551.10771133,19406.3475337924,190.54363649986
Slovakia,2019,105079673009.733,2.31702345469655,20999.1300367905,19266.2754990139,184.479249423884
Slovenia,2017,48586603447.6954,4.79354876042457,25729.5752995852,23512.8172674713,157.280150918657
Slovenia,2018,54161636034.6517,4.38450172090073,26760.4835146751,26115.9133661854,161.102271299837
Slovenia,2019,54174227308.8862,3.18434162415744,27426.7941065029,25946.1821852127,159.027557774336
Small states,2017,480558936881.719,1.0346736947246,12254.1016425897,12048.3497736171,108.321094314926
Small states,2018,528052950897.02,1.98337235512594,12284.4288626959,13013.7513684515,109.610199927473
Small states,2019,520457174770.632,1.72197862561828,12290.3154562072,12615.4658503025,103.644221901117
Solomon Islands,2017,1483758906.61054,5.34358769476628,1751.51421204624,2332.8148736562,0
Solomon Islands,2018,1593964162.21314,3.94424954963497,1773.69305996148,2441.51739308263,0
Solomon Islands,2019,1589913622.23799,1.19492839551218,1749.4272554716,2373.63247042576,0
Somalia,2017,0,0,0,0,124.607418282655
Somalia,2018,0,0,0,0,132.258716015303
Somalia,2019,0,0,0,0,133.989590045869
South Africa,2017,349554116683.818,1.41451262585058,7476.38632385801,6132.4798409721,57.9738949311917
South Africa,2018,368288939768.322,0.787055570495099,7433.61539826952,6374.02819575944,59.470333710239
South Africa,2019,351431649241.439,0.152583316664234,7345.96241792901,6001.40081394888,59.2045360593849
South Asia,2017,3345716338949.23,6.82901871131874,1790.92738805557,1866.1590187187,39.4503157045885
South Asia,2018,3445471615274.75,6.09594960041979,1877.53010157301,1898.97100423962,42.196753539255504
South Asia,2019,3591836570466.89,4.14292161661562,1932.53400870455,1956.57592140193,39.0917569777727
South Asia (IDA & IBRD),2017,3345716338949.23,6.82901871131874,1790.92738805557,1866.1590187187,39.4503157045885
South Asia (IDA & IBRD),2018,3445471615274.75,6.09594960041979,1877.53010157301,1898.97100423962,42.196753539255504
South Asia (IDA & IBRD),2019,3591836570466.89,4.14292161661562,1932.53400870455,1956.57592140193,39.0917569777727
Spain,2017,1312539279462.36,2.97364119053731,32308.5920135469,28170.1678643302,66.6925732463354
Spain,2018,1422153839840.78,2.43004714546871,32949.0781809939,30389.3609902899,67.5728529422267
Spain,2019,1393490524517.64,1.95012689445046,33392.5273598896,29600.3782526602,66.7761646309525
Sri Lanka,2017,87428125557.573,3.5781696792194,3860.15030770564,4077.04372120747,50.8867702027813
Sri Lanka,2018,88425889592.1519,3.3064174132235,3946.19374389424,4080.56712469552,53.2274151312643
Sri Lanka,2019,84008783756.068,2.28346530118198,4011.68194141576,3853.08369288942,52.3708635777425
Sub-Saharan Africa,2017,1641784086541.64,2.38092319373328,1667.46882553578,1563.37508530051,49.8987523916744
Sub-Saharan Africa,2018,1721156393779.7,2.3865132187757,1662.68929496857,1596.16617525386,53.4543305942751
Sub-Saharan Africa,2019,1766941400078.09,2.28746596391747,1656.70296021843,1596.21373429876,53.0754247984841
Sub-Saharan Africa (excluding high income),2017,1626990301193.13,2.36883082666208,1656.05095641863,1551.29750686062,49.3523329331187
Sub-Saharan Africa (excluding high income),2018,1705376028962.5,2.37518038319693,1651.06792614227,1583.53202065792,52.9565333476086
Sub-Saharan Africa (excluding high income),2019,1751180043654.43,2.2795647607439,1644.94439822789,1583.92606462045,52.6055284412891
Sub-Saharan Africa (IDA & IBRD countries),2017,1641784086541.64,2.38092319373327,1667.46882553578,1563.37508530051,49.8987523916744
Sub-Saharan Africa (IDA & IBRD countries),2018,1721156393779.71,2.3865132187757,1662.68929496857,1596.16617525387,53.4543305942751
Sub-Saharan Africa (IDA & IBRD countries),2019,1766941400078.09,2.28746596391747,1656.70296021843,1596.21373429876,53.0754247984841
Sudan,2017,45021077955.328,0.767861503884745,1900.09277096785,1111.86844893858,21.8525944754794
Sudan,2018,33128480498.7296,-2.28994935878305,1812.12145447981,623.867252394076,17.9267615790048
Sudan,2019,30513456084.7961,-2.50353727262947,1724.08526921269,441.505603374484,16.6685272635245
Suriname,2017,3216207914.31281,1.76230388996346,7972.8403897508,5637.5149461838,0
Suriname,2018,3464656616.41541,2.5765575501584,8100.37115596767,6015.16460686684,0
Suriname,2019,3697371949.58434,0.26765493102738,8046.94567736361,6359.83361442737,0
Sweden,2017,541018749769.097,2.56792452526476,57467.2499709708,53791.5087298403,84.9347494342818
Sweden,2018,555455371487.089,1.95002284569983,57911.2289848069,54589.0603860606,89.1311983954621
Sweden,2019,530883869004.977,1.26098005513558,58012.9614370694,51615.0206514946,90.484885840975
Switzerland,2017,679950481622.843,1.79940884956473,77684.0482075308,80449.9945127739,119.508030758233
Switzerland,2018,705140620046.7,2.75055377478878,79234.9630198638,82818.1081617471,120.032795961791
Switzerland,2019,703082435158.864,0.928832411662611,79406.6576671331,81993.72712595,119.438495616095
Tajikistan,2017,7157865188.25222,7.61749269091885,1024.8589537466,806.041573098044,56.6427441599017
Tajikistan,2018,7522947810.12326,7.30000028747864,1073.02183482136,826.621530538704,0
Tajikistan,2019,8116626794.25837,7.01126898499351,1121.13023002235,870.787589323223,0
Tanzania,2017,53320625958.5628,6.78568011405198,937.301491612021,1004.84112066441,32.2389410060768
Tanzania,2018,58001200572.3965,5.44496763189635,959.354688726875,1060.99461489421,0
Tanzania,2019,63177068174.549,5.79137137632071,985.44817311162,1122.12181047515,0
Thailand,2017,456294704152.647,4.06625034855084,6135.47195990825,6592.91490169864,120.907921976946
Thailand,2018,506514103905.268,4.15076208786206,6370.01497597885,7295.47561612095,120.899245073744
Thailand,2019,543548969968.693,2.35469391059033,6501.55605590845,7806.74221105532,110.394165262148
Timor-Leste,2017,1599338100,-4.10360974458959,865.703386405219,1286.40575068308,56.8627359030589
Timor-Leste,2018,1559894900,-1.0539022514868,839.886178819436,1230.2281911588,63.4203945406835
Timor-Leste,2019,2017924900,18.7235248037601,977.751266022885,1560.50982160188,83.6889816860875
Togo,2017,4819949975.26077,4.35741391523395,661.148125888518,626.091527901405,76.845916208041
Togo,2018,5364369025.63973,4.93115522236378,676.987731497482,679.97276057805,75.667524717917
Togo,2019,5490272413.38702,5.33866981228348,696.076939317577,679.290249091295,71.6546045136006
Tonga,2017,460379144.989821,3.32243254438831,4415.88949717479,4513.60953145965,87.6154121368254
Tonga,2018,489235527.395387,0.300009403851803,4377.67740321618,4740.79214895188,86.8614009197371
Tonga,2019,512350059.421629,0.734030017207445,4355.0754329506,4903.15290276599,87.6092013449047
Trinidad And Tobago,2017,22474828527.1775,-2.31211562077206,15261.872265747,16238.1931916674,0
Trinidad And Tobago,2018,23808146747.7994,-0.245213697183146,15161.0684555798,17129.9130902577,0
Trinidad And Tobago,2019,24269714809.9078,-0.00281000000001086,15105.0523313771,17397.9817601543,0
Tunisia,2017,39802430354.6334,1.91692832666639,4343.43987763926,3481.22873876516,100.003842239714
Tunisia,2018,39770297328.9509,2.66445332282932,4408.36602348828,3438.78908914627,109.77799521222
Tunisia,2019,38796687568.157,1.04304533812767,4405.01691212466,3317.4535932122,109.377399095261
Turkey,2017,858988610574.035,7.50199749358555,14975.087280729,10591.4743712025,55.7621687511676
Turkey,2018,778381859840.942,2.95896672404676,15190.0994746957,9455.59365384828,62.5474067902739
Turkey,2019,761425499358.159,0.916534797206751,15125.3911212146,9126.56134585014,62.6828637382741
Turkmenistan,2017,37926285714.2857,6.50000004682975,7318.06550054699,6587.09031628698,53.5753567069955
Turkmenistan,2018,40761142857.1429,6.19999994137119,7647.93580378613,6966.63541063077,35.1633909045029
Turks And Caicos Islands,2017,1022365000,-2.490222604148,0,27545.8709416678,0
Turks And Caicos Islands,2018,1113178000,5.61095461704357,0,29554.7059604407,0
Turks And Caicos Islands,2019,1197415000,5.32455729668722,0,31353.3293184258,0
Tuvalu,2017,40619251.9926426,4.0940177168018,3590.29247132932,3572.49357894833,0
Tuvalu,2018,42588164.9731022,2.50000000000001,3635.91988477491,3700.74426252192,0
Tuvalu,2019,47271463.3298575,9.75609756097559,3943.35639480432,4059.02999569444,0
Uganda,2017,30756466548.0543,3.80912902932442,912.986563213879,747.196907377979,36.8370529331773
Uganda,2018,32916147253.2718,6.16261913900348,933.843780479552,770.452453254239,36.6547553989727
Uganda,2019,35165157016.9125,6.80332681328235,962.535212928424,794.341077917102,39.5658874934212
Ukraine,2017,112190355158.178,2.46603562470679,2988.50421463927,2640.67567655839,103.71784138917
Ukraine,2018,130901858421.72,3.40529852208769,3106.03903618704,3096.81740221352,99.1189958085669
Ukraine,2019,153781069118.148,3.23349118845559,3224.93516522753,3659.03131229487,90.1737901314459
United Arab Emirates,2017,385605506854.881,2.37353670828251,41460.2834462501,40644.804043392,175.004350438256
United Arab Emirates,2018,422215043584.969,1.18985564163665,41327.3827625282,43839.3563491413,159.728773540957
United Arab Emirates,2019,421142267937.65,1.67772037080395,41420.4830318379,43103.3230583165,160.936092884595
United Kingdom,2017,2666229179958.01,1.89207700716807,43010.7063455549,40361.4173832159,61.9451388664298
United Kingdom,2018,2860667727551.97,1.34072060244353,43324.0497776422,43043.2278164551,62.6190596109507
United Kingdom,2019,2829108219165.8,1.46265820190786,43711.708459262,42330.117537005,64.2877735623301
United States,2017,19519353692000,2.36980078440416,53552.4850143768,60062.2223132211,27.1763762453575
United States,2018,20580159776000,2.92732573232968,54832.9782332551,62996.4712852605,27.5355879724925
United States,2019,21433226000000,2.16117628829923,55753.1443685885,65297.517508274,26.3141535483273
Upper middle income,2017,23580671477850.7,4.81515716988012,7950.52928585796,8368.52809406641,46.9463834588384
Upper middle income,2018,25273285727694.1,4.2483650428305,8230.10278802294,8906.24387559177,49.5787118058151
Upper middle income,2019,25807761543981.8,3.59689343230487,8471.91870158105,9036.76525522062,47.8487786255883
Uruguay,2017,59530088537.3307,2.59133869196167,14437.3846912687,17322.1473894404,39.7639193153459
Uruguay,2018,59596885024.3487,1.62008362892945,14617.464002064,17277.9701105496,39.9922435701169
Uruguay,2019,56045912952.9732,0.222121727878545,14597.3080972884,16190.126957465,41.0301020716761
Uzbekistan,2017,59159945320.5667,4.46152609019241,2290.38132978946,1826.56691924216,45.678901782288
Uzbekistan,2018,50392607758.2324,5.44644486222825,2373.53751794777,1529.08286351335,66.6279846107879
Uzbekistan,2019,57921286440.3495,5.56372395323797,2458.99427136333,1724.8411344137,73.0168777978818
Vanuatu,2017,880043553.748442,4.41758863464923,2854.00034641625,3082.35632289041,0
Vanuatu,2018,914700508.22242,2.90023027256446,2864.82861418446,3125.25798900649,0
Vanuatu,2019,934239973.812573,3.26458973233873,2887.30536264955,3115.35862043261,0
Viet Nam,2017,223779865815.183,6.8122456596398004,1852.96303732618,2365.62166567374,200.38458042639
Viet Nam,2018,245213686369.157,7.07578861674985,1964.4759908863,2566.59694958511,208.306665858343
Viet Nam,2019,261921244843.172,7.0174348821878,2082.24369434234,2715.27603640721,210.400245273256
Virgin Islands US,2017,3855000000,-1.69654289372629,29290.7849834333,35938.0243875154,151.076523994812
World,2017,81306030232472.9,3.29862797064237,10721.4835303307,10827.7032622136,57.8912271224332
World,2018,86439423191635.8,2.97677626566212,10920.1226945364,11385.6752270743,59.4654244789352
World,2019,87798525859220.9,2.36461674669968,11059.488239314,11441.7328647669,60.2707939251281
Yemen,2017,26736139802.004,-5.07201001878522,643.164001955252,960.528533738514,0
Yemen,2018,23486270352.3327,0.752598678967971,632.909430329521,824.117628729094,0
Yemen,2019,22581081993.945,2.09741436129079,631.48787735002,774.334489816721,0
Zambia,2017,25868165344.8185,3.50433609558682,1660.76621606716,1534.86675111219,71.5856946542566
Zambia,2018,26312140828.64,4.03437823506192,1678.16725832287,1516.39066079862,74.8882466430453
Zambia,2019,23309773922.7582,1.44178454842219,1653.82940051561,1305.06325350544,68.7910427393667
Zimbabwe,2017,22040902300,4.70403539054713,1263.32132215801,1548.17005572552,50.0282958016651
Zimbabwe,2018,24311560500,4.82967359109212,1305.78329453795,1683.74057709465,50.0053614411136
Zimbabwe,2019,21440758800,-8.10000019886093,1183.09882268225,1463.98591018054,0
